nodeA,nodeB,weight
Quite,mordane,1
Bran,stark,25
Bran,snow,7
Stark,cassel,3
Walkers,will,2
Walkers,Walkers,1
Warden,stark,4
Jon,stark,7
Stark,snow,14
Stark,Stark,18
Snow,greyjoy,5
Arryn,lannister,9
Robert,lannister,16
Arryn,Robert,2
Arryn,stark,14
Ned,stark,7
Tommy,stark,1
Winterfell,stark,21
Lannister,stark,16
Ned,baratheon,8
Stark,baratheon,14
Ned,Stark,5
Mmh,lannister,1
Winterfell,ros,1
Dothraki,illyrio,3
Dothraki,viserys,2
Drogo,viserys,1
Dothraki,Drogo,1
Drogo,illyrio,2
Joffrey,stark,50
Hush,stark,2
Stark's,lannister,20
Stark,lannister,94
Ned,benjen,1
Ranger,benjen,1
Ned,Ranger,1
Walkers,stark,1
Benjen,stark,5
Landing,stark,2
Landing,Ned,1
Luwin,voice,1
Stark,luwin,4
Robert,stark,19
Mormont,mormont,2
Magister,targaryen,1
Jorah,targaryen,10
Imp,clegane,2
Dothraki,mormont,8
Grace,mormont,2
Illyrio,mormont,1
Grace,Illyrio,1
Stark,targaryen,6
Uncle,lannister,11
Maester,lannister,2
Grace,stark,8
Robert,Robert,6
Walkers,lannister,3
Mordane,stark,2
Benjen,snow,2
Baratheon,stark,7
Starks,stark,2
Becca,baratheon,1
Aleena,baratheon,1
Meryl,baratheon,1
Aleena,Meryl,1
Dothraki,stark,4
Dothraki,Robert,3
Dothraki,baratheon,4
Luwin,stark,4
Rickon,stark,19
Garth,doreah,1
Moon,irri,2
Moon,Moon,1
Khal,targaryen,2
Stark,stark,31
Hal,cassel,1
Kings,doreah,1
Dothraki,doreah,2
Khal,doreah,1
Dothraki,Khal,1
Dothraki,targaryen,22
Joffrey,lannister,67
Grace,soldier,2
Lady,stark,1
Ilyn,lannister,2
Stark,guard,4
Glad,stark,1
King,lannister,3
King,Stark,2
Stark,varys,13
Stark,baelish,15
Catelyn,baelish,1
Catelyn,Stark,2
Baelish,stark,17
Brandon,stark,1
Baelish,Brandon,1
Tully,baelish,1
Stark,pycelle,4
Targaryen,lannister,6
Winterfell,lannister,5
Warden,lannister,3
Kevan,lannister,3
Warden,Winterfell,3
Kevan,Winterfell,1
Kevan,Warden,1
Starks,lannister,8
Hound,stark,10
Mycah,stark,2
Duncan,nan,1
Macumber,stark,1
Sally,stark,1
Jaime,baelish,1
Imp,baelish,1
Snow,thorne,7
Stark's,thorne,1
Snow,Stark's,3
Mormont,lannister,3
Stark's,mormont,1
Starks,baelish,2
Grenn,lannister,1
Rodrik,lannister,1
Bran,lannister,2
Bran,Rodrik,1
Queen,baelish,1
Littlefinger,stark,8
Grace,selmy,2
Tyroshi,selmy,1
Tarly,baratheon,4
Tarlys,baratheon,1
Lannister,baratheon,9
Tarly,Tarlys,1
Lannister,Tarly,1
Lannister,Tarlys,1
Grace,lannister,5
Kingslayer,baratheon,3
Kingslayer,Lannister,4
Toyne,selmy,1
Yoren,lannister,2
Benjen,lannister,1
Ranger,lannister,1
Lannister,lannister,45
Dothraki,rakharo,1
Vroz,rakharo,1
Bharbo,rakharo,1
Andal,rakharo,1
Andal,Bharbo,1
Qohor,mormont,1
Dothrak,rhakaro,1
Aemon,lannister,1
Starks,aemon,1
Stark,mormont,4
Lannister,snow,4
Snow,lannister,10
Farewell,snow,1
Forel,forel,2
Westeros,forel,1
Kneel,stark,2
Hodor,stark,25
Hodor,Kneel,1
Greyjoy,lannister,14
Imp,greyjoy,2
Leg,snow,1
Tarly,tarly,1
Sam,tarly,3
Sam,Sam,2
Dothrak,mormont,1
Drogo,targaryen,3
Robert,mormont,3
Grace,doreah,1
Westeros,mordane,1
Poole's,stark,1
Joffrey,mordane,1
Hando,slynt,1
Ser,slynt,2
Jon,pycelle,1
Umber,stark,1
Sam,snow,24
Vale,baelish,11
Arryn's,baelish,2
Arryn's,Vale,2
Spider,baelish,1
Hugh,baelish,1
Hugh,cassel,2
Hugh,Hugh,2
Ser,vale,1
Greyjoys,cassel,1
Thoros,lannister,2
Thorne,snow,1
Sam,Thorne,1
Thorne,rast,1
Piggy,rast,1
Piggy,Thorne,1
Hush,targaryen,1
Irri,targaryen,2
Hush,Irri,1
Sally,snow,1
Ros,snow,2
Snow,tarly,2
Snow,snow,9
Ros,Snow,1
Rayder,thorne,2
Eastwatch,thorne,1
Eastwatch,Rayder,2
Rayder,Rayder,2
Lover,baelish,1
Fingers,baelish,1
Hound,baelish,3
Gregor,baelish,4
Hound,Hound,4
Gregor,Hound,8
Gregor,Gregor,6
Sansa,lannister,22
Stark,heddle,1
Tully,stark,2
Whent,stark,1
Tully,Whent,1
Bracken,stark,1
Hugh,stark,3
Stark,selmy,1
King,selmy,1
Hando,baratheon,1
Cersei,baratheon,2
Arryn,baratheon,2
King,baratheon,2
Arryn,Cersei,1
Cersei,Lannister,4
Cersei,King,1
Arryn,Lannister,2
Arryn,King,2
King,Lannister,1
Lys,baelish,1
Littlefinger,baratheon,1
Imp,marillion,1
Shadowcat,lannister,1
Vale,lannister,7
Stark,Vale,4
Rodrik,stark,3
Baratheons,stark,1
Martell,luwin,1
Dothraki,luwin,1
Westeros,greyjoy,6
Stark,greyjoy,14
Robert,ros,1
Varys,varys,1
Arryn,varys,4
Lys,varys,2
Arryn,Lys,1
Drogo,mopatis,1
Delay,varys,1
Redwyne,varys,1
Starks,varys,1
Stark,Starks,4
Stark,Winterfell,12
Yoren,yoren,1
Benjen,yoren,1
Stark,egen,1
Vale,egen,1
Arryn,egen,1
Arryn,Vale,7
Stark,steward,1
Targaryen,steward,1
Honor,baratheon,1
King,stark,2
Mormont,varys,2
Mormont,stark,2
Mormont's,baelish,1
Speak,baratheon,2
Dothraki,pycelle,1
Baelish,cassel,1
Grace,baelish,5
Arryn,baelish,3
Heward,cassel,1
Robin,arryn,1
Vale,arryn,4
Robin,Vale,2
Mommy,arryn,2
Arryn,arryn,1
Jaime,lannister,15
Shh,arryn,1
Vardis,arryn,2
Stark,tyrell,2
Robert,baratheon,15
Tyrell,baratheon,1
baratheon,the,1
Tyrell,the,1
Robert,tyrell,2
Joffrey,tyrell,9
Joffrey,Robert,7
Dothraki,lannister,19
Targaryen,baratheon,2
Dothraki,Targaryen,4
Targaryen,Targaryen,1
Dothraki,Dothraki,6
Robert,baelish,2
Lannister,baelish,5
Threaten,lannister,1
Starks,Threaten,1
-,stark,1
Catelyn,baratheon,1
Dancer,stark,1
Kingslayer,greyjoy,3
Stark's,osha,1
Mance,osha,1
Mance,Stark's,1
Dorne,wildling,1
Bran,greyjoy,3
Turnkey,lannister,1
Speak,arryn,1
Imp,arryn,1
Imp,Speak,1
Arryn,Bran,1
Robin,lannister,1
Imp,vardis,2
Kingslayer,arryn,1
Grace,barriston,1
Westeros,baratheon,5
King,Westeros,2
Grace,man,1
Hand,man,1
Taller,man,1
Hand,Taller,1
Wel,pycelle,1
Clegane,stark,3
Tywin,stark,2
Greyjoy,ros,1
Lannister,ros,1
Stark,ros,1
Steffon,ros,1
Lannister,Stark,8
Lannister,Steffon,1
Stark,Steffon,1
Baratheon,Baratheon,6
Clegane,lannister,3
Kingslayer,lannister,7
Greyjoy,greyjoy,19
Ranger,tarly,1
Benjen's,snow,1
Barristan,varys,1
Targaryen,stark,3
Grace,Targaryen,1
Aegon,mormont,1
Andal,bird,1
Westeros,merchant,1
Sweet,merchant,1
Ser,merchant,1
Ser,Sweet,1
Uncle,mormont,1
Tarly,mormont,1
Jon,tarly,2
Ranger,snow,3
Wizard,tarly,1
Catelyn,stark,1
Andal,drogo,1
Barristan,stark,1
Hush,mordane,1
Stark,trant,1
Lannister,forel,1
Bloody,trant,1
Sansa,stark,5
Flowers,yarwyck,1
Benjen,mormont,1
Snow,yarwyck,1
Aemon,mormont,1
Aemon,alliser,1
Snow,mormont,2
Joffrey,pycelle,1
Catelyn,lannister,2
Treason,stark,1
Queen,luwin,1
Hush,arryn,1
Vale,Vale,5
Bronn,lannister,17
Jaime,Stark's,1
Ned,lannister,3
Baratheon,lannister,5
Lannister's,umber,1
Winter,stark,1
Grace,pycelle,1
Slynt,pycelle,1
Grace,Slynt,1
Kingsguard,selmy,1
Barristan,lannister,1
Kingsguard,lannister,22
Knight,baelish,1
Treason,pycelle,2
Cersei,varys,5
Joffrey,varys,2
Cersei,Joffrey,20
Walder,stark,6
Grandfather,stark,1
Stark,frey,4
Lannister,frey,1
Joffrey,frey,1
Jorah,mormont,2
Westeros,mormont,7
Jorah,Westeros,1
Thorne,mormont,3
Alliser,snow,6
Joffrey,mormont,1
Joffrey,Thorne,2
Thorne,Thorne,1
Snow,watcher,1
Aemon,tarly,1
Robb,tarly,1
Aemon,Robb,1
Waldron,stark,1
Stark,aemon,1
Maekar,aemon,1
Aegon,aemon,1
Aegon,Maekar,1
Khal,qotho,3
Khal,Khal,1
Moon,lannister,1
Bronn,Moon,1
What's,bronn,1
Rein,mormont,1
Lannister,bronn,4
Tysha,lannister,1
Jaime,Tysha,1
Kingslayer,stark,6
Baelor,stark,1
Baelor,Robert,1
Baelor,pycelle,1
Ilyn,Sansa,1
Shut,yoren,1
King,Robert,4
Bran,luwin,4
Mother,lannister,1
Joffrey,bracken,1
Ser,stark,1
Joffrey,Stark's,1
Joffrey,Stark,10
Stark,Stark's,10
Jaime,lefford,1
Lannister,marbrand,1
Robert,Stark,8
Riverland,lannister,1
Joffrey,snow,2
Sam,pyp,2
Kings,pycelle,1
Baratheon,pycelle,1
Baratheon,Kings,1
Baelish,varys,1
Snow,Stark,6
Brune,announcer,1
Dontos,lannister,1
Hound,lannister,7
Slynt,lannister,3
Stark's,lord,1
Red,osha,1
Craster,edd,4
Stark,craster,1
craster,old,1
Rayder,craster,1
Crow,craster,1
Baratheon,melisandre,2
Robert,matthos,3
Joffrey,matthos,2
Lannister,matthos,5
Lannister,Robert,4
Joffrey,Lannister,7
Lannister,Lannister,7
Kingslayer,matthos,2
Tyrell,davos,1
Tarly,davos,1
Tarly,Tyrell,1
Stark,davos,4
Joffrey,baratheon,3
Westeros,stark,7
Baratheon,Westeros,3
Baelish,lannister,5
Arya,lannister,1
Arya,Stark's,1
Joffrey,alton,1
Greyjoy,stark,7
Queen,stark,2
Bran,Rickon,11
Daisy,roz,1
Olsen,roz,1
Littlefinger,daisy,1
Littlefinger,roz,1
Baelish,roz,2
Baelish,Littlefinger,1
Littlefinger,janos,1
Barra,mhaegan,1
H'ghar,hghar,2
Yoren,baratheon,1
Landing,varys,1
Wish,sam,1
Gilly,sam,11
Sam,gilly,19
Jhaqo,mormont,1
Rakharo,targaryen,1
Podrick,lannister,6
Littlefinger,lannister,9
Nasty,janos,1
Cersei,lannister,46
Cersei,Robert,1
Joffrey,janos,2
Bottom,pie,2
Arryn,Stark,6
Stupider,stark,1
Lommy,stark,2
Yoren,stark,2
Stark,balon,2
Stark's,balon,2
Starks,balon,1
Yara,greyjoy,8
Joffrey,davos,2
Lysene,davos,1
Cersei,saan,1
Seaworth,saan,1
Regent,lannister,3
Weak,melisandre,1
Shut,melisandre,1
Shut,Weak,1
Craster,jeor,1
Hodor,hodor,45
Hodor,luwin,2
Bran,Hodor,4
Kingsguard,brienne,4
Brienne,renly,4
Kingsguard,renly,1
Brienne,Kingsguard,1
Stark,colen,1
Catelyn,renly,2
Margaery,renly,2
Catelyn,Margaery,1
Joffrey,renly,1
Stark,renly,3
Stark,loras,1
Gerard,renly,1
Brienne,Catelyn,1
Brienne,stark,6
Brienne,brienne,2
Ironborn,balon,5
Yara,balon,1
Motte,balon,1
Motte,Yara,1
Baratheon,greyjoy,2
Joffrey,myrcella,1
Mother,myrcella,1
Joffrey,Sansa,5
Zuriff,shae,1
Zuriff,stark,2
Matrimony,pycelle,1
Dorne,pycelle,1
Greyjoy,varys,1
Westeros,lannister,30
Vale,Westeros,1
Slynt,baelish,1
Arryn,Slynt,1
Kingsguard,loras,1
Brienne,loras,1
Tyrell,loras,2
Dorne,lannister,15
Baratheon,Dorne,1
Kneel,priest,1
Martell,baelish,2
Arryn,Martell,1
Kingslayer,baelish,2
Kingslayer,Stark,1
Arryn,Littlefinger,1
Robert,pycelle,1
Lannister,pycelle,3
Sansa's,varys,1
Slynt,varys,1
Willem,yoren,2
Willem,Willem,1
Ho,yoren,1
Tyrell,guard,2
Tyrell,rennick,1
Shh,rennick,1
Bolton,stark,10
Shh,talisa,1
Talisa,talisa,1
Joffrey,talisa,3
Volantis,talisa,4
Volantis,stark,1
Lancel,lannister,6
Lannister,lancel,2
Meryn,lannister,6
Imp,meryn,1
Grace,meryn,1
Kingsguard,meryn,1
Grace,Kingsguard,2
Baelish,tyrell,2
Kingsguard,tyrell,3
Qarth,targaryen,2
Cersei,stark,23
Hound,Joffrey,12
Joffrey,Joffrey,11
Cersei,Hound,12
Cersei,Cersei,4
Joffrey,baelish,6
Winterfell,baelish,5
Horde,targaryen,1
Qarth,spice,1
Qarth,king,1
Dothraki,king,1
Dothraki,Qarth,2
Dothraki,xaro,2
Qarth,xaro,3
Kneel,polliver,2
Kneel,Kneel,2
Safer,stark,1
Imp,lancel,2
Cleaner,baratheon,1
Knight,melisandre,1
Starks,renly,1
Cailin,renly,1
Cailin,Starks,1
Robert,renly,1
Killed,lannister,1
Varys,lannister,5
Wildfire,lannister,1
Bronn,Lancel,1
Melisandre,davos,1
Melisandre,baratheon,1
Dagmer,dagmer,1
Islander,greyjoy,1
Starks,reginald,1
Barrowton,stark,1
Halfhand,jeor,1
Halfhand,snow,4
Westeros,sam,2
Hurrah,dolorous,1
Maegor,haylene,1
Targaryen,haylene,1
Haylene,lannister,1
Xaro,doreah,1
Qarth,doreah,2
Xaro,targaryen,1
Xaro,pree,1
Pree,xaro,1
Mormont,quaithe,1
Robb,stark,2
Brienne,Robb,1
Stark,rodrik,2
Lannister,rodrik,1
Luwin,osha,1
Mance,qhorin,1
Snow,qhorin,1
Craster,qhorin,1
Jon,sam,8
Targaryen,xaro,1
Baratheon,xaro,1
Baratheon,Targaryen,1
Westeros,Westeros,5
Starks,targaryen,1
mormont,musT-,1
Qarth,mormont,1
Winterfell,greyjoy,10
Hodor,greyjoy,2
Betray,greyjoy,1
Luwin,greyjoy,1
Motte,greyjoy,5
Betray,Stark,1
Luwin,Stark,1
Motte,Stark,2
Betray,Luwin,1
Betray,Motte,1
Luwin,Motte,1
Stark,osha,1
Rodrik,greyjoy,3
Starks,luwin,1
Coward,rodrik,1
Hush,rodrik,1
Greyjoy,rodrik,1
Marlyn,lannister,1
Wine,lannister,2
Ygritte,qhorin,1
Halfhand,ygritte,4
Rayder's,qhorin,1
Snow,ygritte,21
Joffrey,man,1
Push,guard,1
Brotherfucker,crowd,1
Daxos,king,1
Westeros,king,1
Mopatis,targaryen,1
Stormborn,targaryen,5
Talisa,stark,4
Stark,talisa,3
Greyjoys,roose,2
Cassel,roose,1
Winterfell,roose,1
Starks,osha,1
Rickon,greyjoy,3
Hodor,Rickon,2
Winterfell,luwin,3
Hodor,osha,1
Jack,rickon,1
Billy,rickon,1
Billy,Jack,1
Pretentious,lannister,1
Clegane,mountain,1
Aegon,stark,1
Meraxes,stark,1
Sister,stark,1
Sister,Targaryen,1
Jonquil,lannister,1
Dustin,stark,1
Rayder,snow,6
Rayder,ygritte,3
Westeros,targaryen,6
Joffrey,Queen,1
Lannister,alton,1
Bryan,alton,1
Selmy,lannister,1
Andal,quaith,2
Stormborn,pree,2
Stark,jacks,2
Kingslayer,jacks,1
Kingslayer,man,5
Crag,karstark,1
Treason,karstark,1
Lannisters,karstark,1
Lannisters,Treason,1
Lannisters,man,1
Kingslayer,brienne,9
Karstarks,brienne,1
Lannister,brienne,6
Karstarks,Kingslayer,1
Karstarks,Lannister,2
Name,lannister,1
Kingslayer,Name,1
Cersei,Ned,1
Envy,greyjoy,1
Ironborn,greyjoy,9
Winterfell,Winterfell,3
Halfhand,bones,1
Stark's,ygritte,1
Kingslayer,rider,1
Kingslayer,karstark,2
Pardon,lannister,1
Joffrey,kevan,1
Cersei,kevan,1
Stark,kevan,2
Winterfell,kevan,1
Greyjoys,kevan,1
Greyjoys,Winterfell,1
Greyjoys,Stark,1
Yoren,rorge,1
Halfhand,sam,1
H'ghar,stark,3
Mandon,lannister,4
Volantis,Volantis,2
Shut,baratheon,1
Shut,greyjoy,1
Shut,stark,1
Knight,baratheon,1
Robert,Westeros,2
Winterfell,varys,1
Stannis,lannister,1
Hand,varys,1
Arryn,Hand,1
Hand,Stark,1
Targaryen,varys,2
Xaro,mormont,1
Baratheon,matthos,1
Lannister,soldier,1
Podrick,varys,2
Sheila,lannister,1
Sansa,Sheila,1
Maegor,lannister,1
Hearteater,lannister,2
Hound,Lancel,1
Wildfire,davos,1
Steer,davos,2
Steer,Wildfire,2
Steer,Steer,1
Sansa's,lannister,1
Lorath,lannister,1
Shae,lannister,1
Faster,man,1
Halfman,all,3
Halfman,Halfman,3
Kingswood,lannister,2
Margaery,loras,3
Margaery,lannister,24
Margaery,crowd,2
Margaery,Margaery,5
Littlefinger,varys,4
Catelyn,brienne,5
Tullys,brienne,2
Lannister,man,1
Hidden,luwin,1
Greyjoy,luwin,1
Aggar,greyjoy,1
Lorren,greyjoy,1
Seagard,greyjoy,1
Aggar,Lorren,1
Aggar,Ironborn,1
Aggar,Seagard,1
Ironborn,Lorren,1
Lorren,Seagard,1
Ironborn,Seagard,1
Moore,varys,1
Landing,shae,1
Joffrey,hghar,1
Cersei,hghar,1
Hound,hghar,1
Morghulis,hghar,2
Morghulis,stark,2
Stark,hghar,4
North,osha,1
Rayder,qhorin,1
Mance,ygritte,2
Halfhand,Mance,2
Daxos,targaryen,1
Gilly,edd,1
Tarly,jeor,2
Crow,man,1
Crow,boy,1
Crow,girl,1
Rayder,Snow,3
Stark's,mance,1
Snow,mance,6
Giantsbane,mance,1
Mouth,whore,1
Bronn,podrick,1
Whocares,bronn,1
Westeros,davos,6
Baratheon,davos,1
Davos,salladhor,1
Kingslayer,bolton,3
Jeremy,stark,1
Dorne,stark,3
Dorne,Dorne,1
Dorne,shae,2
Sansa,baelish,10
Margaery,guard,1
Bottom,lannister,3
Bottom,Joffrey,1
Westerner,nakloz,1
Kraznys,missandei,8
Baratheon's,mormont,1
Kingsguard,mormont,2
Baratheon's,Kingsguard,1
Robert,barristan,4
Stormborn,barristan,1
Robert,Stormborn,1
Bolton,talisa,1
Ironborn,stark,2
Bolton,Ironborn,3
Bolton,Bran,1
Bolton,Rickon,1
Bran,Ironborn,1
Ironborn,Rickon,2
Stark's,brienne,2
Stark,brienne,11
Tyrell,lannister,22
Margaery,Tyrell,5
Sansa,loras,3
Olenna,loras,1
Margaery,Olenna,1
Hando,stark,1
Sansa,tyrell,4
Olenna,tyrell,1
Olenna,Sansa,1
Margaery,stark,1
Grandmother,tyrell,10
Robert,Sansa,2
Luthor,tyrell,4
Tyrell,tyrell,3
Speak,tyrell,1
Margaery,tyrell,2
Dorne,karstark,1
Snow,stark,5
Orell,mance,2
Sam,grenn,1
Reed,jojen,1
Meera,jojen,1
Brandon,jojen,1
Meera,Reed,1
Brandon,Reed,1
Brandon,Meera,1
H'ghar,baratheon,1
Thoros,thoros,1
Anguy,thoros,1
Anguy,Thoros,1
Westeros,thoros,2
Baelish,shae,1
Ros,lannister,1
Winterfell,torturer,2
Rickon,osha,1
Reed,stark,1
Mott,baratheon,1
Hound,thoros,2
Clegane,thoros,4
Thoros,clegane,1
Stark,clegane,4
Kingslayer,locke,5
Lannister,edmure,2
Martyn,brynden,1
Tully,varys,1
Bolton,varys,1
Stark,Tully,3
Bolton,Stark,6
Bolton,Tully,1
Baelish,pycelle,1
Vale,pycelle,1
Baelish,Vale,3
Summer,lannister,1
Stark's,thoros,1
Thoros,pie,1
Stark,pie,2
Stark,Thoros,1
Uncle,stark,4
Lannister,martyn,1
Lannister,talisa,1
Tether,woman,1
Push,woman,1
Barristan,mormont,2
Barristan,targaryen,8
Greizhen,missandei,1
Dothraki,kraznys,1
Dothraki,missandei,4
Dothraki,Kraznys,1
Kraznys,targaryen,2
Genna,lannister,1
Volantis,lannister,4
Knot,lannister,1
Knot,Volantis,1
Stark's,locke,1
Kingslayer,Stark's,1
Proof,varys,1
Craster,rast,1
Littlefinger,Littlefinger,1
Joffrey,beric,1
Stark,beric,3
Robert,beric,1
Robert,clegane,1
Lannister,beric,1
Mummer,anguy,1
Mummer,clegane,1
Aegon,thoros,1
Clegane,clegane,2
Joffrey,clegane,4
Burn,stark,1
Orell,tormund,1
Orell,ygritte,1
Jon,ygritte,1
Clegane,beric,4
Bolton,locke,2
Bolton,Kingslayer,1
Locke,bolton,2
Bolton,lannister,6
Baratheon,bolton,1
Jaime,bolton,1
Olenna,lannister,7
Volantis,tyrell,1
Karstarks,stark,4
Karstarks,edmure,1
Joffrey,karstark,1
Stark,karstark,2
Karstark,stark,1
Karhold,stark,2
Karhold,Karstark,1
Payne,stark,3
Meryn,stark,1
Joffrey,Payne,3
Joffrey,Meryn,1
Cersei,Payne,3
Cersei,Meryn,1
Meryn,Payne,1
Hound,Payne,1
Hound,Meryn,1
Thoros,beric,2
Burn,selyse,1
Renly,lannister,1
Baratheon,Bottom,1
Bottom,King,1
Baratheon,King,2
Bert,shireen,1
Bert,davos,1
Westeros,shireen,1
Mm,barristan,2
Thoros,mormont,2
Thoros,barristan,1
Bloody,barristan,1
Bloody,Thoros,1
Robert,Thoros,1
Bloody,Robert,1
Flea,missandei,1
Rat,missandei,2
Flea,Rat,1
Worm,worm,1
Jorah,barristan,2
Greyjoys,talisa,1
Winterfell,talisa,1
Frey,stark,2
Frey,Karstarks,1
Squire,loras,1
Margaery,baelish,2
Karstarks,lannister,1
Greyjoy,Karstarks,1
Karstarks,Stark,1
Karstarks,Winterfell,1
Greyjoy,Stark,3
Greyjoy,Winterfell,1
Hobb,sam,1
Reed,osha,1
Snow,jojen,2
Nah,ygritte,1
Halfhand,Snow,1
Rayder's,ygritte,1
R'hollor,thoros,1
Thoros,melisandre,1
Robert,melisandre,1
Bodkin,anguy,1
Stark,bolton,10
Karhold,greyjoy,1
Karhold,bolton,1
Karstark,greyjoy,2
the,walder,1
Freys,stark,1
Bolton,brienne,1
Bolton,Stark's,2
Bolton,Lannister,5
Lannister,Stark's,1
Jaime,brienne,4
Highgarden,lannister,2
Cersei,tyrell,9
Loras,lannister,1
Kingsguard,Loras,2
Kingsguard,Kingsguard,1
Highgarden,Tyrell,1
Joffrey,Tyrell,1
Highgarden,Joffrey,1
Highgarden,Margaery,1
Joffrey,Margaery,4
Kingsguard,Mandon,1
Sansa,maid,1
Prickly,brynden,1
Rytsas,talisa,1
Lannister,tyrell,2
Stark,bronn,2
Westeros,eraz,1
Chains,shae,1
Solid,lannister,1
Wildfire,melisandre,1
Bottom,baratheon,1
Lannisters,stark,1
Anguy,beric,1
Kick,clegane,1
Qyburn,bolton,1
Shh,myranda,1
Myranda,violet,1
Windmill,ygritte,1
Snow,Snow,10
Osha,stark,2
Bran,jojen,3
Bran,Snow,1
Brienne,lannister,8
Bolton,walton,3
Sulk,clegane,1
Mero,mormont,1
Naharis,daario,4
Mero,mero,1
Vhagar,davos,1
Naharis,mero,1
Podrick,Stark's,1
Greyjoy,baratheon,1
Baratheon,baratheon,2
Baratheon,Greyjoy,1
Grandson,tyrell,1
Cersei,Grandson,1
Grandson,Joffrey,1
Ninteen,targaryen,1
Dothroaki,targaryen,1
Athjahakar,missandei,1
Athjahakar,targaryen,1
Duncan,sam,1
Feldan,sam,1
Tristifer,sam,1
Duncan,Feldan,1
Duncan,Tristifer,1
Feldan,Tristifer,1
Tarly,sam,5
Tarly,Tarly,2
Tarly,gilly,2
Ironborn,Winterfell,2
Rickon,Winterfell,3
Grace,walder,1
Walda,walder,1
Derwa,walder,1
Waldra,walder,2
Derwa,Walda,1
Walda,Waldra,1
Derwa,Waldra,1
Marianne,walder,1
Freya,walder,1
Freya,Marianne,1
Marianne,Waldra,1
Freya,Waldra,1
Merry,merry,1
Shirei,walder,1
Worm,mormont,1
Gift,stark,1
Builder,stark,1
Builder,Gift,1
Gift,Luwin,1
Builder,Luwin,1
Hodor,jojen,3
Hodor,Hush,1
Hodor,Hodor,54
Jojen,stark,3
Hodor,Jojen,1
Naharis,targaryen,4
Ho-ho,edmure,1
Sarsfield,lannister,2
Crakehall,lannister,3
Crakehall,Sarsfield,4
Sarsfield,Sarsfield,1
Crakehall,Crakehall,1
Halfman,lannister,1
Monkey,lannister,2
Halfman,Monkey,1
Whom,lannister,1
Crakehall,stark,1
Sansa,varys,2
Northerners,lannister,1
Stark,Warden,3
Sansa,Stark,4
Bolton,Winterfell,5
Sansa,Winterfell,1
Bolton,Warden,9
Bolton,Sansa,2
Sansa,Warden,1
Cook,stark,2
Hoster,frey,1
Catelyn,frey,1
Catelyn,Hoster,1
Tully,frey,1
Arryn,frey,1
Arryn,Tully,1
Winterfell,frey,1
Greyjoy,frey,1
Ironborn,bolton,3
Ramsay,bolton,1
Ironborn,Ramsay,1
Reek,greyjoy,8
Shush,jojen,1
Hodor,sam,1
Westeros,jojen,1
Sam,stark,1
Greyjoy,balon,2
Greyjoy,Ironborn,1
Snow,balon,1
Bolton,balon,1
Warden,balon,1
Bolton,Snow,4
Snow,Warden,4
Ser,baratheon,1
Bottom,davos,6
Alley,davos,1
Alley,baratheon,1
Myr,varys,1
Lys,Myr,1
Lannister,varys,1
Walder,soldier,1
Malcolm,soldier,1
Talbott,soldier,1
Malcolm,Talbott,1
Aemon,sam,7
Craster,sam,2
Aemon,Craster,2
Aemon,Aemon,1
Maester,gilly,1
Miles,sam,1
Florent,davos,1
Rylene,davos,1
Rylene,Westeros,1
Targaryen,davos,1
Aim,davos,1
Hush,sam,1
Aemon,davos,1
Targaryen,missandei,1
Ghiscari,missandei,1
Oathbreaker,lannister,1
Kingslayer,Oathbreaker,1
Martell,lannister,5
Oberyn,lord,1
Oberyn,lannister,18
Littlefinger,martell,1
Oberyn,ellaria,8
Dornishman,morgan,1
Lannister,martell,5
Imp,martell,1
Joffrey,martell,1
Clegane,martell,1
Naharis,worm,1
Lannister,Martell,3
Mance,tormund,1
Halfhand,thorne,1
Mance,snow,4
Giantsbane,snow,1
Snow,aemon,3
Aemon,thorne,1
Preston,lannister,1
Kingsguard,Preston,1
Grace,Preston,1
Dayne,lannister,1
Duncan,lannister,2
Dayne,Kingsguard,1
Duncan,Kingsguard,2
Dayne,Duncan,2
Duncan,Duncan,1
Meereen,daario,6
Meereen,targaryen,7
Dontos,stark,1
Vale,clegane,1
Lommy,clegane,1
Hound,polliver,1
Stark,polliver,1
Joffrey,polliver,1
Run,bolton,1
Rip,bolton,1
Bold,lannister,1
Walda,roose,3
Snow,roose,2
Snow,Walda,1
Greyjoy's,roose,1
Bolton,roose,6
Lannister,roose,4
Ironborn,roose,1
Cailin,roose,3
Bolton,Cailin,3
Ironborn,Lannister,1
Cailin,Lannister,2
Cailin,Ironborn,2
Cailin,Cailin,1
Greyjoy,bolton,2
Greyjoy,roose,1
Reek,bolton,14
Bolton,bolton,7
Bran,bolton,2
Bran,Reek,1
Reek,Stark,3
Bran,Stark,2
Starks,bolton,2
Rickon,bolton,3
Bran,Starks,1
Rickon,Starks,3
Rickon,Stark,1
Winterfell,locke,1
Snow,locke,1
Gather,roose,1
Bolton,Gather,1
Cailin,Gather,1
Margaery,mace,1
Baelor,lannister,1
Widow,man,1
Axell,shireen,1
Summer,jojen,1
Bran,Summer,1
Bran,meera,8
Winterfell,meera,1
Bran,Winterfell,2
Margaery,septon,1
Mace,tyrell,1
Lannisters,tyrell,1
Jaime,loras,1
Brienne,tyrell,2
Qyburn,lannister,4
Qyburn,pycelle,2
Ellaria,martell,2
Hand,martell,1
Cersei,martell,4
Sand,martell,1
Ellaria,Lannister,1
Ellaria,Hand,1
Cersei,Ellaria,1
Ellaria,Sand,1
Hand,Lannister,1
Lannister,Sand,1
Cersei,Hand,1
Hand,Sand,1
Cersei,Sand,1
Dorne,ellaria,6
Dorne,martell,5
Myrcella,martell,1
Greyjoy,Joffrey,1
Stark,dwarf,1
Kneel,lannister,5
Mm,lannister,7
Baelish,dontos,1
First,dontos,1
Sally,hamlet,4
Tully,hamlet,1
Sally,Tully,1
Slayer,thorne,1
Haigh,davos,1
Hand,shireen,1
Bloody,davos,1
Tyrell,martell,1
Greyjoys,lannister,4
Dorne,Greyjoys,1
Dorne,Westeros,2
Dorne,Targaryen,1
Greyjoys,Westeros,1
Greyjoys,Targaryen,1
Targaryen,Westeros,1
Dorne,podrick,1
Tommen,lannister,1
Joffrey,Tommen,1
Cersei,Tommen,1
Mother,olly,1
Miles,snow,1
Miles,Rayder,1
Karl,edd,1
Craster,Karl,2
Craster,Craster,1
Karl,snow,1
Queensguard,daario,1
Arryn,bronn,1
Joffrey,Vale,2
Dontos,baelish,1
Dontos,Joffrey,1
Viola,tyrell,1
Luthor,Viola,2
Luthor,Luthor,1
Grenn,snow,2
Craster,slynt,1
Snow,slynt,1
Craster,Snow,1
Name,locke,1
Kingsguards,lannister,1
Boros,lannister,1
II,brienne,1
Baratheon,brienne,1
II,Kingsguard,1
Baratheon,Kingsguard,1
Kingsguard,Kingslayer,1
Baratheon,II,1
II,Kingslayer,1
Baratheon,Kingslayer,1
Stark's,Stark's,4
Robb,sam,1
Bran,Sam,1
Bra,sam,1
Bra,Craster,1
Thorne,locke,1
Ahem,snow,1
Mormont,snow,4
Mance,Rayder,1
Mormont,Rayder,3
Mance,Mormont,1
Tanner,tanner,1
Alley,tanner,1
Alley,Tanner,1
Craster,sissy,1
Rast,tanner,1
Jon,meera,1
Highborn,tanner,1
Snow,rast,1
Baratheon,mormont,1
Joffrey,barristan,1
Baelish,knight,1
Baelish,lysa,1
Al,stark,1
Al,Arryn,1
Mummy,robin,1
Lannister,robin,1
Robin,lysa,4
Robin,Robin,1
Robin,stark,4
Vale,lysa,1
Trant,stark,2
Thoros,stark,1
Joffrey,Trant,1
Joffrey,Thoros,1
Cersei,Trant,1
Cersei,Thoros,1
Lannister,Trant,1
Thoros,Trant,1
Payne,Trant,1
Lannister,Thoros,1
Lannister,Payne,1
Payne,Thoros,1
Westeros,clegane,1
Brandon,lysa,2
Brandon,Brandon,1
Shh,lysa,1
Robin,Shh,1
Sansa's,brienne,1
Trant,clegane,1
Meryn,clegane,1
Meryn,Trant,1
Trant's,clegane,1
Kingsguard,podrick,1
Karl,grenn,1
Bottom,grenn,1
Bottom,Karl,1
Shh,karl,1
Stark,locke,1
Crow,morag,1
Craster,morag,1
Craster,Crow,1
Burn,morag,1
Calm,sallador,1
Lhara,sallador,1
Lhara,lhara,1
davos,me--,1
Bolton,greyjoy,3
Warden,greyjoy,1
Reek,Reek,1
Queen,missandei,2
Daenerys,hizdahr,1
Clegane,varys,1
Hound,varys,1
Kingsguard,varys,1
Oberyn,varys,1
Lys,martell,1
Joffrey,trant,2
Imp,trant,2
King,trant,1
Imp,Joffrey,4
Joffrey,King,2
Imp,Imp,1
Imp,King,2
Lys,pycelle,1
Oberyn,pycelle,1
Hollard,pycelle,1
Hollard,Stark,1
Lannister,shae,1
Sansa,shae,3
Joffrey,shae,2
Bronn,Cersei,1
Lannister,rorge,1
Coward,alliser,1
Snow,alliser,4
Tarly,alliser,1
Snow,Tarly,1
Softer,bronn,1
Stokeworth,bronn,1
Stokeworth,lannister,2
Shireen,selyse,1
Andal,daario,3
Naharis,mormont,1
Daario,targaryen,2
Kindness,targaryen,1
Shut,clegane,1
Kidney,brienne,1
Starks,pie,1
Sansa,podrick,4
Sansa,Sansa,1
Hound,podrick,3
Frey,brienne,1
Arryn,podrick,1
Stark's,podrick,1
Arryn,Stark's,1
Vale,robin,4
Winterfell,robin,2
Sansa,lysa,1
Jack,grenn,1
Jack,ed,1
Andal,worm,2
Stormborn,worm,1
Missandei,worm,3
Missandei,Stormborn,1
Bracken,bolton,1
Greyjoy,ralf,2
Bolton,ralf,2
Ironborn,ralf,1
Vale,royce,1
Vale,petyr,6
Arryn,petyr,4
Whoremonger,royce,1
Arryn,royce,2
Arryn,anya,2
Baelish,anya,3
Baelish,Baelish,5
Speak,royce,1
Royce,stark,2
Waymar,stark,1
Royce,Stark,1
Stark,Waymar,1
Royce,Waymar,1
Stark,royce,2
Vale,stark,5
Baelish,Joffrey,1
Baelish,Cersei,1
Cersei,Vale,1
Sansa,anya,1
Arryn,Baelish,3
Sansa,royce,2
Baelish,Royce,2
Shh,anya,1
Baelish,royce,2
Stark,petyr,4
Baratheon,petyr,1
King,petyr,1
Baratheon,Vale,2
King,Vale,2
Arryn,Baratheon,1
Baratheon,Stark,1
Lysa,petyr,1
Lysa,Stark,1
Stark,anya,1
Baelish,Stark,2
Robin,petyr,1
Baratheon,barristan,1
Cailin,bolton,2
Snow,bolton,4
Warden,roose,1
Bolton,Bolton,1
Hound,clegane,1
Arryn,clegane,1
Clegane,Hound,2
Hound,Stark,1
Arryn,Hound,1
Clegane,Stark,1
Arryn,Clegane,1
Arryn,guard,1
Petyr,robin,1
Orson,lannister,7
Lannister,Orson,1
Khuu,together,3
Khuu,Khuu,4
Khuu,lannister,2
Khuu,Orson,2
Volarik,lannister,1
Orson,Orson,3
Size,martell,1
Lannister,pycell,1
Martell,martell,3
Martell,Martell,1
Martell,mountain,1
Gilly,snow,2
Sheila,tormund,1
Crow,styr,1
Tarly,aemon,2
Thorne,pyp,1
Walker,pyp,1
Gilly,Tarly,2
Crows,tormund,1
Slynt,alliser,1
Alliser,grenn,1
Alliser,sam,2
Ed,snow,1
Snow,donnel,1
Jeor,snow,1
Kullback,mance,1
Wanna,mance,1
Snow,Wanna,1
Stark's,snow,2
Martells,lannister,1
Tyrell,Tyrell,3
Rhoynar,missandei,1
Calla,fennesz,1
Valyrian,man,2
Valyrian,missandei,1
Queen,Valyrian,1
Zala,missandei,1
Snow,tormund,5
Stark,girl,1
Stark,man,3
Said,stark,1
Lannister,clegane,2
Brienne,clegane,1
Brienne,Lannister,2
Mopatis,varys,1
Baratheon,varys,2
Westeros,varys,4
Baratheon,Mopatis,1
Mopatis,Westeros,1
Rat,worm,1
Nudho,missandei,2
Snow,melisandre,9
Bolton,snow,2
Stark's,baratheon,2
Bolton,baratheon,3
Winterfell,baratheon,2
Lannister,Winterfell,1
Mance,baratheon,1
Hurry,baratheon,1
Snow,baratheon,3
Hurry,Snow,1
Robin,baelish,1
Stark,podrick,5
Royce,baelish,2
Dorne,olyvar,2
Sunsnake,olyvar,1
Stonespear,olyvar,1
Stonespear,Sunsnake,1
Dorne,loras,2
Cersei,loras,1
Lannister,loras,1
Imp,varys,1
Kingslayer,varys,1
Tolos,daario,1
Dothraki,daario,5
Rayder,baratheon,3
Rayder,Westeros,1
Kneel,baratheon,2
Cersei,Frey,2
Baelish,podrick,1
Littlefinger,brienne,3
Bunch,brienne,1
Baelish,brienne,1
Sansa,brienne,8
Baelish,Sansa,1
Brienne,baelish,3
Stark's,baelish,2
Brienne,Stark's,1
alone--,brienne,1
Sansa,alone--,1
Podrick,brienne,3
Softer,lannister,1
Stokeworth,lollys,1
Bracken,bronn,1
Oberyn,doran,4
Lannister,ellaria,1
Lannister,Oberyn,1
Meereen,barristan,1
Meereen,mossador,1
Stormborn,mossador,1
Meereen,Stormborn,1
King,barristan,2
Kingsguard,barristan,1
Wildfire,barristan,1
Volantis,varys,2
Kevan,Lannister,1
Stark,sam,1
Stark,gilly,1
Gilly,shireen,1
Mormont,baratheon,1
baratheon,went,1
Thorne,davos,3
Kneel,Stark,1
Winterfell,snow,9
Thorne,janos,1
Slayer,janos,2
Snow,janos,1
Slayer,Snow,1
Slynt,sam,1
Gilly,Slynt,1
Snow,sam,2
Rayder,sam,1
Mormont,sam,2
Jon,Rayder,1
Jon,Mormont,2
Mormont,Mormont,1
Rayder,alliser,1
Snow,brothers,4
Worm,mossador,1
Margaery,bystanders,3
Husband,tyrell,1
Mother,tyrell,1
Cerwyn,bolton,2
Cerwyn,Stark,2
Cailin,stark,2
Ned,baelish,1
Bolton,baelish,4
Rayder's,snow,1
Tormund,baratheon,1
Thorne,baratheon,1
Stark's,hghar,1
Sansa,roose,4
Stark,woman,1
Aemon,snow,2
Aemon,Sam,1
Brian,snow,1
Alliser,Ranger,1
Scum,janos,1
Maiden,septon,1
Maiden,olyvar,1
Grandmaester,septon,1
Tyrell,septon,1
Grandmaester,Tyrell,1
Septon,septon,1
Littlefinger,qyburn,1
Hypocrisy,sparrow,1
Septon,lannister,3
Baelish,roose,2
Cersei,baelish,7
Mother,baelish,1
Margaery,Sansa,1
Cersei,Margaery,2
Margaery,Mother,1
Cersei,Sansa,2
Mother,Sansa,1
Cersei,Mother,1
Vale,roose,1
Lannister,Vale,1
Westeros,roose,1
Baelish,Westeros,1
Warden,baelish,2
Stark's,Warden,1
Volantene,varys,1
Oldtown,lannister,1
Dorne,bronn,3
Kingsguard,mace,1
Queen,lannister,1
Caulfield,sam,1
Bolton,sam,1
Watchers,sam,1
Winterfell,melisandre,1
Whent,baelish,1
Baratheon,baelish,1
Lyanna,baelish,1
Baratheon,Whent,1
Lyanna,Whent,1
Robert,Whent,1
Martell,Whent,1
Baratheon,Lyanna,1
Baratheon,Robert,1
Baratheon,Martell,1
Lyanna,Robert,1
Lyanna,Martell,1
Martell,Robert,1
Ramsay,baelish,1
Bolton,Ramsay,3
Oldtown,bronn,1
Lannister's,bronn,1
Dorne,Lannister's,1
Glad,bronn,1
Darnell,bronn,1
Bottom,bronn,1
Nym,elaria,2
Obara,elaria,2
Nym,Obara,2
Oberyn,elaria,1
Cersei,elaria,1
Lannister,obara,1
Dorne,obara,2
Dorne,Lannister,1
Doran,elaria,1
Oberyn,obara,1
Targaryen,mormont,1
Bottom,barristan,1
Starks,man,1
Sansa,greyjoy,3
Ramsay,walda,4
Sansa,bolton,2
Reek,Sansa,1
Stark,roose,5
Oldtown,sam,2
Aemon,gilly,1
Robert,Tarly,1
Snow,davos,10
Barristan,worm,1
Barristan,Naharis,1
Doom,lannister,2
Doom,Doom,1
Doom,mormont,1
Westeros,waif,1
Westeros,Winterfell,1
Stark,Westeros,1
Hurrah,lannister,1
Hurrah,Westeros,1
Daenerys,mormont,1
Qotho,mormont,1
Baelish,lancel,2
Lancel,lancel,1
Lancel,baelish,1
Grace,Stark,2
Grace,Winterfell,1
Kevan,baelish,1
Lannister,doran,1
Martell,doran,1
Dornishman,bronn,6
Dornishman,Dornishman,6
Oberyn,snakes,1
Jaime,myrcella,1
Martell,trystane,1
Trystane,myrcella,2
Jaime,trystane,1
Drop,areo,1
Sand,obara,1
Martell,obara,1
Martell,Sand,1
Dorne,Sand,1
Dorne,Martell,2
Joffrey,sparrow,1
Joffrey,loras,1
Margaery,sparrow,7
Margaery,olyvar,1
Ramsay,myranda,2
Hunt,stark,1
Mm,myranda,1
Aegon,sam,1
Greyjoy,Greyjoy,3
Targaryen,sam,1
Warden,bolton,4
Winterfell,bolton,2
Derryk,sam,1
Slayer,stark,1
Snow,derryk,1
Mereen,daario,1
Olenna,sparrow,2
Olenna,squire,1
Doran,areo,1
Bur,bronn,1
Bur,Dornishman,3
Dorne,tyene,1
Asshei,tyene,1
Farewell,tyene,1
Asshei,Farewell,1
Venison,lannister,1
Baelor,sparrow,2
Jorah,lannister,2
Lana,stark,1
Iit,stark,1
Lhara,stark,1
Lane--,stark,1
Iit,Lhara,1
Iit,Lane--,1
Lane--,Lhara,1
Lane,stark,1
Lane,hghar,1
Harbor,hghar,1
Harbor,Lane,1
Sparrow,qyburn,1
Kevan,qyburn,1
Margaery's,qyburn,1
Reek,stark,1
Robert,targaryen,3
Thirsty,septa,1
Tormund,bones,1
Crow,snow,1
Mance,loboda,1
Night,snow,1
Mance,Night,1
Tormund,karsi,1
Crow,elder,1
Crow,loboda,1
Johnna,karsi,1
Lokh,wun,1
Wun,tormund,1
Queen,davos,1
Vhagar,shireen,1
Uncle,myrcella,1
Trystane,lannister,5
Dorne,doran,3
Trystane,doran,2
Dorne,Oberyn,1
Dorne,Trystane,2
Oberyn,Trystane,1
Kingslayer,ellaria,1
Jaime,doran,1
Maegor,mace,1
Tyrell,banker,1
Brusco,prostitute,1
Anara,head,1
Aegon,shireen,1
Queen,announcer,1
Kings,hizdahr,1
Meereen,hizdahr,1
Valahd,targaryen,1
Bolton,melisandre,1
Gilly,Oldtown,1
Edd,sam,2
Aemon's,sam,1
Baratheon,podrick,1
Ramsay,stark,6
Warden,myranda,1
Ramsay,Warden,1
Forel,stark,1
Nudho,mormont,1
Rusty,lannister,1
Queen,daario,1
Jorah,daario,2
Jorah,Queen,2
Jorah,Jorah,1
Meereen,Meereen,2
Missandei,daario,1
Andal,Missandei,1
Robert,sparrow,1
Kingsguard,qyburn,1
Benjen,olly,1
Ranger,olly,1
Thorne,edd,2
Marsh,thorne,1
Yarwyck,thorne,1
Marsh,Yarwyck,1
Jon,edd,1
Bolt,edd,1
Walder,roose,1
Jon,greyjoy,1
Bolton,officer,1
Dorne,handmaiden,1
Unella,sparrow,2
Lay,doran,1
Lay,Oberyn,1
Martell,ellaria,1
Martell,Oberyn,1
Meereen,lannister,6
Daenerys,priest,1
Moro,bloodrider,1
Dothrak,bloodrider,1
Moro,moro,1
Bharbo,targaryen,1
Khal,moro,1
Dothrak,wife,1
Edd,watchman,2
Ned,rodrik,1
Ned,lyanna,5
Wylis,ned,1
Benjen,lyanna,1
Wylis,stark,2
Stark,forest,1
Cersei,storyteller,1
Lannister's,storyteller,1
Daenerys,missandei,1
Missandei,lannister,2
Missandei,Westeros,1
Stark's,karstark,1
Manderlys,bolton,1
Starks,karstark,1
Rob,karstark,1
Rob,Starks,1
Walda,wolkan,1
Bolton,karstark,1
Walda,bolton,1
Bolton,walda,3
Ramsay,Ramsay,2
Winterfell,walda,1
Rob,greyjoy,1
Ironborn,aeron,1
Gods,davos,1
Stannis,melisandre,1
Captain,gilly,1
Oldtown,gilly,2
Reed,raven,1
Dayne,stark,1
Stark,arthur,1
Learn,stark,1
Move,bloodrider,1
Drogo,matron,1
Khaleen,targaryen,1
Vala,varys,2
Vala,Vala,1
How's,qyburn,1
Dorne,qyburn,1
Grace,qyburn,1
Clegane,pycelle,1
Margaery,olenna,1
Grace,sparrow,2
Stark,waif,2
Rob,stark,1
Bran,Rob,1
Rickon,Rob,1
Hound,waif,1
Clegane,Lannister,1
Snow,smalljon,2
Winterfell,karstark,1
Knelt,smalljon,1
Stark,smalljon,1
Betray,throne,1
Wear,snow,1
Edd,snow,1
Shireen,davos,1
Royce,Vale,1
Gather,baelish,1
Gather,Vale,1
Westeros,razdal,1
Unburnt,lannister,1
Meereen,man,1
Drogo,mormont,1
Dothraki,leader,2
Mm,targaryen,1
Khaleen,woman,1
Dothrak,woman,1
Dothrak,Khaleen,1
Kings,lannister,1
Sparrow,lannister,2
Kings,Margaery,1
Margaery,Sparrow,2
Kings,Sparrow,1
Castle,greyjoy,1
Pyke,greyjoy,1
SNOW,stark,2
EDD,stark,2
EDD,SNOW,4
SNOW,SNOW,1
EDD,EDD,1
Rickon,snow,2
Snow,Winterfell,1
Rickon,Snow,1
Warden,snow,1
Khaleen,moro,1
Drogo,moro,1
Unharmed,stark,1
Stark's,stark,2
Brynden,baelish,1
Crane,hghar,1
Cersei,izembaro,1
Stark,bobono,1
Joffrey,crane,1
Crane,bobono,1
Bobono,crane,1
Crane,stark,3
Uncle,greyjoy,1
Ironborn,Yara,2
Ironborn,Ironborn,1
Euron,aeron,1
Greyjoy,aerson,1
Lannister,mormont,1
Andal,targaryen,1
Stormborn,kinvara,1
Hodor,meera,10
Walkers,snow,3
Walkers,Winterfell,2
Starks,davos,1
Karstarks,davos,2
Manderlys,davos,1
Karstarks,Starks,1
Manderlys,Starks,1
Karstarks,Manderlys,1
Karstarks,Rickon,1
Northerners,stark,1
Jon,davos,1
Tullys,stark,1
Stark's,Tullys,1
Tullys,davos,1
Ramsay,Winterfell,1
Sansa,snow,2
Comman,edd,1
Boiled,meera,1
Vale,rickard,1
Sam,sam,2
Sam,melessa,2
Fossoway,talla,1
Samwell,sam,1
Dickon,sam,1
Sooner,tyrell,1
Mm,dickon,1
Edd,Gilly,1
Joffrey,all,1
Margaery,all,1
Imp,clarenzo,1
Bianca,izembaro,1
Bobono,izembaro,1
Crane,izembaro,1
Crane,bianca,1
Nedo,izembaro,1
Tyrell,sparrow,1
Margaery,woman,1
Stark's,walder,1
Frey,lannister,1
Benjen,Jon,1
Children,benjen,1
Walkers,benjen,1
Westeros,daario,2
Meereen,Westeros,2
Stormborn,daario,2
Clegane,ray,1
Unella,tyrell,1
Karstarks,snow,2
Jaime,lothar,1
Lyanna,snow,1
Stark,lyanna,2
Sansa,lyanna,1
Bolton,lyanna,2
Lannister,lyanna,1
Lannister,Sansa,1
Mormont,davos,1
Mormont,Snow,3
North,davos,1
Kingslayer,brynden,3
Sansa,brynden,1
Ironborn,robett,2
Euron,greyjoy,1
Sweet,woman,1
Shut,crane,1
Podrick,bronn,1
Mm,podrick,1
Kingslayer,bryndel,1
Winterfell,brynden,1
Lannister,brynden,1
Cersei,Tyrell,2
Lannister,Tyrell,1
Delight,lannister,1
Martell,Stark,1
Starks,worm,1
Catelyn,Cersei,1
Tully,edmure,1
Riverrun,brynden,1
Stormborn,lannister,1
Rest,tormund,1
Rest,Snow,1
Ramsay,Rickon,2
Ramsay,Starks,2
Bolton,tormund,1
Loras,sparrow,2
Blackwater,lannister,1
Tullys,walder,1
Starks,walder,2
Stark,walder,1
Starks,Tullys,1
Stark,Tullys,1
Mormont,maester,1
Vale,snow,2
Baelish,snow,1
Littlefinger,Vale,1
Dorne,tyrell,1
Dorne,Tyrell,1
Olenna,ellaria,1
Queen,targaryen,2
Walder,walder,1
Walder,handmaiden,1
Ned,petyr,1
Robert,lyanna,1
Ned,Robert,1
Vale,knight,1
Cerwyn,lyanna,1
Stark's,lyanna,1
Bolton,Cerwyn,1
Cerwyn,Stark's,1
Mormont,manderly,1
Stark,manderly,1
Manderlys,manderly,1
Snow,manderly,1
Mormont,Stark,1
Manderlys,Mormont,1
Manderlys,Stark,1
Manderlys,Snow,1
Snow,glover,1
King,glover,1
King,Snow,1
Cersei,qyburn,3
Walder,frey,1
Reed,meera,2
Stark,meera,2
Reed,Reed,1
Reed,Stark,4
Eastwatch,snow,2
Karhold,snow,1
Karstarks,yohn,1
Karstark,snow,1
Umber,snow,1
Cersei,snow,4
Dothraki,Tyrell,2
Freys,lannister,1
Ironborn,lannister,1
Greyjoys,Lannister,1
Tarly,marwyn,1
Targaryen,marwyn,1
Targaryen,Tarly,1
Hound,petyr,1
Baelor,man,1
Thoros,sandor,2
Stormborn,mormont,2
Robert,varys,3
King,varys,1
Targaryen,targaryen,2
Proven,targaryen,1
Worm,varys,1
Daeneys,melisandre,1
Snow,varys,3
Cersei,Snow,2
Snow,targaryen,8
Dothraki,davos,2
Throne,lannister,1
King's,lannister,1
King's,Throne,1
Dothraki,Throne,1
Throne,Tyrell,1
Dothraki,King's,1
King's,Tyrell,1
Rickon,lannister,2
Dickon,dickon,2
Hornhill,lannister,1
Jaime,randyll,1
Tyrell,randyll,1
Olenna,randyll,1
Tarley,lannister,1
Greyscale,tarly,2
Knight,marwyn,1
Jorah,Mormont,1
Olenna,targaryen,2
Cersei,targaryen,11
Cersei,Westeros,2
Worm,lannister,1
Dorne,ellia,1
Westeros,tyrell,1
Jorah,tarly,2
Pilos,tarly,1
Greyscale,Jorah,1
Jorah,Pilos,1
Greyscale,Pilos,1
Pylos,marwyn,1
Mormont,tarly,1
Tarley,tarly,1
Jorah,Tarley,1
Rum,tarly,1
Shh,tarly,1
Cersei,man,1
Ary,pie,1
Snow,pie,1
King,wolkan,1
Tarley,snow,1
Catlyn,baelish,1
King,baelish,1
King,Sansa,1
Momma,tyene,3
Cersei,tyene,1
Cersei,Momma,1
Cersei,obara,1
Momma,obara,2
Momma,Momma,1
Knight,lannister,1
Volantis,melisandre,1
Unburnt,missandei,1
Bottom,Snow,1
Stark,Targaryen,3
Warden,targaryen,2
Warden,Warden,1
Cersei,davos,1
King,davos,1
Dothraki,King,1
Dothraki,Westeros,1
Daenerys,lannister,1
King,snow,1
Born,varys,1
Dorne,varys,1
Born,Dorne,1
Ellaria,varys,1
Greyjoys,varys,1
Ellaria,Greyjoys,1
Greyjoy,Lannister,1
Greyjoy,Westeros,1
Lannister,Westeros,1
Sand,lannister,1
Oberyn,Sand,1
Greyjoy's,tycho,1
Targaryen,tycho,1
Walkers,targaryen,1
Vicerys,targaryen,1
Sansa,guard,1
Greyjoy's,targaryen,1
Greyjoy's,lannister,2
Greyjoy's,Westeros,1
Widow,lannister,1
Cersei,Kingsguard,1
Cersei's,bronn,1
DICKON,randyll,1
Lannister,randyll,2
BAELISH,stark,1
Brandon,baelish,1
Summer,meera,1
Hodor,Summer,1
Rodrick,stark,3
Rodrick,man,2
Sansa,man,1
Jon,Stark,1
Dorne,targaryen,1
Brienne,podrick,1
Snow,missandei,1
Stark,missandei,1
Greyjoy,snow,1
Born,greyjoy,1
SNOW,greyjoy,1
Dothraki,greyjoy,1
Born,SNOW,1
Born,Dothraki,1
Dothraki,SNOW,1
TARLEY,randyll,1
DICKON,bronn,1
Lannister,drogon,3
DICKON,drogon,2
Screamers,drogon,1
DICKON,Lannister,2
Lannister,Screamers,1
DICKON,Screamers,1
Lannisters,lannister,1
Dothraki,Lannisters,2
Dothraki,Lannister,2
Lannister,targaryen,1
Dothraki,randyll,1
Tarley,dickon,2
Tarley,Tarley,2
DICKON,targaryen,2
DICKON,Dothraki,2
DICKON,DICKON,1
Tarley,targaryen,2
Margerey,lannister,1
Joffrey,Olenna,2
Margerey,Olenna,2
Olenna,Olenna,1
Joffrey,Margerey,1
Mormont,targaryen,1
Ravens,stark,1
Stark,tarly,3
Westeros,tarly,1
Moonstone,maester,1
Conquerer,maester,1
Jorah,davos,1
Vale,yohn,1
Stark,yohn,1
Dothraki,bronn,1
Clovis,davos,1
Wine,guard,1
Cersei,guard,1
Queens,lannister,1
Gendry,baratheon,1
Baratheon's,baratheon,2
Baratheon's,Gendry,1
SNOW,targaryen,1
JR,sam,1
Meynard,gilly,2
Meynardo,tarly,1
JR,tarly,1
Hound,snow,1
Mormont,thoros,1
Davos,snow,1
Rayder,tormund,1
THOROS,sandor,2
THOROS,THOROS,1
Claw,snow,1
Westeros,snow,1
Mormont,Westeros,1
Bran,Rodrick,2
Rodrick,Rodrick,1
Mordane,Robert,1
Knight,stark,1
Knight,Winterfell,1
Vale,Winterfell,1
Knight,Vale,1
Mormont,Sansa,1
Cersei,Mormont,1
Dick,tormund,2
Cock,sandor,1
Brienne,sandor,1
Dario,targaryen,1
Dario,Snow,2
Dario,lannister,1
bronn,brother--,1
Cersei,bronn,1
Lannister,sandor,1
Daenerys,snow,2
Jon,baelish,2
Dothraki,snow,1
Cersei,greyjoy,3
Ramsay,greyjoy,1
Ramsay,Yara,1
Yara,men,1
Baratheon,Lannister,1
Baelish,Winterfell,1
Treason,lannister,1
Tarly,stark,1
Jon's,stark,1
Daenerys,Stark,1
Hurry,stark,1
Winterfell,lyanna,1
Mm,greyjoy,1
Strickland,lannister,1
William,crayah,2
William,dirah,1
Eddie,crayah,1
Karstarks,varys,1
Motte,stark,1
Tarly,targaryen,1
Bran,tarly,2
Bran,Bran,1
Targaryen,tarly,2
Robert,tarly,1
Robert,Targaryen,1
Winterfell,tormund,1
Volantis,mormont,1
Meereen,mormont,1
Meereen,Volantis,1
Sansa,targaryen,2
Gilly,Sam,1
Walker,tarly,1
Thenn,edd,1
Gilly,tarly,1
Tarly,edd,1
Grenn,tarly,1
Glad,brienne,1
Eastwatch,brienne,1
Eastwatch,Glad,1
Lannister,Mm,1
Brienne,Hound,1
Brienne,Kneel,1
Arise,lannister,1
Mm-mm,tormund,1
Robert,snow,1
Targaryen,snow,1
Samwell,snow,1
Dany,snow,1
Sam,edd,2
Baratheon's,targaryen,1
Baratheon,targaryen,1
Gendry,man,1
Martha,varys,1
Varys,targaryen,1
Nudo,targaryen,1
Daybreak,snow,1
Cersei,Stark,1
Cersei,clegane,1
Escape,lannister,1
Faster,soldier,1
Mommy,vicky,1
Maegor,qyburn,1
Lannister,greyjoy,1
Dothraki,clegane,1
Targaryen,worm,1
Lannister,worm,1
Nudho,targaryen,1
Necessary,snow,1
Nudho,davos,1
Snow,worm,1
Imp,lannister,1
Brandon,lannister,1
Davos,lannister,1
